X,Y,Z
508773.34,7704209.51,-311.62
509035.23,7704284.46,-309.52
509297.14,7704359.34,-307.51
509559.02,7704434.35,-305.68
509820.89,7704509.36,-304.12
509887.17,7704525.02,-303.76
509953.45,7704540.67,-303.4
510087.22,7704566.3,-302.68
510356.86,7704604.99,-301.51
510491.78,7704623.66,-301.4
510626.69,7704642.33,-301.28
510694.08,7704652.15,-301.6
510761.47,7704661.97,-301.92
510896.26,7704681.6,-302.55
511166.92,7704711.3,-305.85
511438.68,7704695.28,-310.94
511709.16,7704662.93,-317.3
511980.02,7704633.91,-327.53
512250.88,7704604.93,-336.22
512521.77,7704576.28,-339.14
512657.4,7704563.84,-336.71
512793.04,7704551.4,-334.28
512860.31,7704543.06,-330.76
512927.59,7704534.71,-327.24
513062.69,7704513.1,-320.19
513130.67,7704501.95,-314.83
513198.65,7704490.79,-309.47
513332.98,7704490.5,-298.75
513397.91,7704506.15,-294.26
513460.75,7704531.86,-289.77
513577.43,7704604.72,-280.79
513782.55,7704783.97,-283.45
513996.6,7704952.45,-299.09
514199.37,7705134.34,-316.91
514255.42,7705174.79,-317.74
514315.03,7705209.51,-318.58
514442.1,7705251.57,-320.24
514508.56,7705254.87,-319.1
514575.96,7705248.44,-317.96
514711.47,7705221.52,-315.69
514980.33,7705178.38,-312.07
515252.11,7705159.94,-307.26
515523.31,7705134.38,-304.96
515794.39,7705107.51,-304.1
516065.46,7705080.55,-303.41
516336.43,7705052.69,-302.9
516607.52,7705025.89,-303.56
516879.75,7705019.63,-307.69
517151.4,7705039.86,-316.62
517423.08,7705059.79,-324.82
517694.88,7705077.97,-331.18
517966.71,7705095.62,-336.37
518238.56,7705112.98,-340.77
518510.44,7705129.94,-344.1
518782.33,7705146.62,-346.7
519054.26,7705162.79,-347.9
519326.26,7705177.61,-345.51
519598.28,7705192.09,-342.18
508781.72,7704255.87,-432.06
509044.14,7704330.99,-430.09
509306.63,7704405.85,-428.21
509569.03,7704481.02,-426.49
509831.08,7704557.33,-425.03
509897.68,7704571.79,-424.72
509964.28,7704586.24,-424.41
510098.99,7704607.41,-423.78
510370,7704634.61,-422.89
510505.55,7704647.76,-422.88
510641.1,7704660.91,-422.86
510708.72,7704668.35,-423.17
510776.33,7704675.79,-423.48
510911.56,7704690.68,-424.1
511182.9,7704712.17,-427.19
511455.15,7704694.77,-431.96
511726.3,7704663.46,-437.93
511997.76,7704634.94,-447.52
512269.22,7704606.35,-455.66
512540.7,7704578.03,-458.39
512676.33,7704563.39,-456.1
512811.95,7704548.76,-453.81
512879.46,7704538.19,-450.49
512946.97,7704527.62,-447.18
513082,7704506.49,-440.55
513149.9,7704498.58,-435.51
513217.79,7704490.67,-430.47
513350.84,7704499.67,-420.38
513414.34,7704519.54,-416.16
513475.2,7704548.84,-411.94
513587.95,7704626.56,-403.49
513790.81,7704809.64,-405.85
514001.25,7704983.6,-420.42
514201.54,7705169.41,-437.05
514256.48,7705211.81,-437.83
514314.85,7705248.91,-438.6
514440.08,7705295.8,-440.16
514506.3,7705300.95,-439.09
514573.87,7705295.87,-438.02
514710.07,7705270.1,-435.88
514979.23,7705225.29,-432.48
515251.59,7705207.19,-427.97
515523.34,7705181.62,-425.81
515794.97,7705154.7,-425.01
516066.59,7705127.71,-424.36
516338.13,7705099.86,-423.89
516609.75,7705072.86,-424.5
516882.51,7705065.81,-428.37
517154.74,7705085.83,-436.74
517426.97,7705105.74,-444.43
517699.32,7705123.9,-450.4
517971.71,7705141.53,-455.26
518244.12,7705158.88,-459.39
518516.55,7705175.84,-462.51
518789,7705192.53,-464.95
519061.48,7705208.72,-466.07
519334.03,7705223.59,-463.83
519606.6,7705238.13,-460.71
508790.18,7704302.72,-552.5
509053.11,7704378,-550.66
509316.16,7704452.85,-548.9
509579.07,7704528.18,-547.3
509841.28,7704605.75,-545.95
509908.2,7704619.05,-545.68
509975.13,7704632.35,-545.42
510110.71,7704649.24,-544.89
510383.03,7704665.41,-544.27
510519.17,7704673.24,-544.35
510655.32,7704681.08,-544.44
510723.15,7704686.21,-544.74
510790.99,7704691.33,-545.04
510926.65,7704701.58,-545.64
511198.65,7704714.99,-548.53
511471.36,7704696.22,-552.98
511743.15,7704665.93,-558.56
512015.19,7704637.89,-567.51
512287.22,7704609.68,-575.11
512559.27,7704581.67,-577.64
512694.89,7704564.92,-575.49
512830.5,7704548.16,-573.33
512898.11,7704536.68,-570.23
512965.71,7704525.2,-567.12
513100.92,7704502.24,-560.91
513168.69,7704495.18,-556.19
513236.6,7704492.88,-551.46
513368.32,7704510.97,-542.01
513430.38,7704534.94,-538.06
513489.3,7704567.71,-534.1
513598.31,7704650.14,-526.18
513799.07,7704836.8,-528.25
514006.07,7705015.96,-541.75
514204.04,7705205.45,-557.18
514257.9,7705249.72,-557.91
514315.08,7705289.1,-558.63
514438.55,7705340.58,-560.09
514504.52,7705347.49,-559.08
514572.25,7705343.71,-558.07
514709.14,7705319.09,-556.06
514978.58,7705272.7,-552.89
515251.5,7705254.9,-548.68
515523.79,7705229.34,-546.67
515795.95,7705202.37,-545.92
516068.1,7705175.34,-545.32
516340.17,7705147.51,-544.87
516612.3,7705120.32,-545.44
516885.58,7705112.5,-549.05
517158.35,7705132.3,-556.86
517431.12,7705152.2,-564.04
517704.01,7705170.33,-569.61
517976.93,7705187.94,-574.15
518249.87,7705205.27,-578
518522.83,7705222.23,-580.92
518795.82,7705238.92,-583.19
519068.83,7705255.13,-584.25
519341.91,7705270.06,-582.15
519615.01,7705284.67,-579.24
508798.83,7704350.57,-672.94
509062.22,7704426.01,-671.22
509325.78,7704500.84,-669.6
509589.16,7704576.32,-668.11
509851.5,7704655.07,-666.86
509918.75,7704667.31,-666.65
509985.99,7704679.55,-666.43
510122.33,7704692.48,-666
510395.8,7704698.54,-665.64
510532.48,7704701.5,-665.83
510669.16,7704704.46,-666.02
510737.2,7704707.38,-666.31
510805.24,7704710.29,-666.61
510941.32,7704716.11,-667.19
511213.91,7704721.71,-669.87
511487.04,7704701.59,-674
511759.42,7704672.27,-679.18
512032,7704644.68,-687.5
512304.56,7704616.83,-694.55
512577.13,7704589.11,-696.89
512713.25,7704572.94,-694.88
512848.34,7704551.66,-692.86
512915.54,7704538.09,-689.96
512982.75,7704524.52,-687.06
513119.06,7704502.71,-681.27
513186.83,7704498.2,-676.86
513254.65,7704499.7,-672.46
513385.03,7704526.51,-663.64
513445.68,7704554.37,-659.95
513502.77,7704590.36,-656.26
513608.36,7704677.17,-648.88
513807.31,7704866.92,-650.65
514011.21,7705050.73,-663.08
514207.17,7705243.43,-677.31
514260.07,7705289.38,-677.99
514316.14,7705330.84,-678.66
514438,7705386.48,-680.01
514503.71,7705395,-679.07
514571.59,7705392.42,-678.13
514709.13,7705368.91,-676.24
514978.85,7705321.08,-673.3
515252.27,7705303.56,-669.39
515525.05,7705277.99,-667.52
515797.7,7705250.99,-666.82
516070.34,7705223.92,-666.27
516342.9,7705196.1,-665.85
516615.51,7705168.73,-666.39
516889.25,7705160.21,-669.74
517162.53,7705179.8,-676.99
517435.79,7705199.66,-683.65
517709.17,7705217.76,-688.82
517982.58,7705235.34,-693.04
518256.01,7705252.65,-696.62
518529.47,7705269.6,-699.33
518802.94,7705286.29,-701.44
519076.44,7705302.51,-702.42
519350.01,7705317.5,-700.47
519623.59,7705332.17,-697.77
508803.25,7704375.03,-733.16
509066.85,7704450.53,-731.51
509330.64,7704525.36,-729.95
509594.23,7704600.91,-728.51
509856.63,7704680.21,-727.32
509924.02,7704691.97,-727.13
509991.41,7704703.73,-726.93
510128.08,7704714.86,-726.55
510402.05,7704716.35,-726.33
510538.97,7704717.1,-726.57
510675.89,7704717.85,-726.81
510744.02,7704719.72,-727.1
510812.15,7704721.58,-727.39
510948.42,7704725.31,-727.96
511221.29,7704727.14,-730.54
511494.6,7704706.36,-734.51
511767.25,7704677.49,-739.5
512040.08,7704650.11,-747.5
512312.87,7704622.43,-754.27
512585.68,7704594.83,-756.52
512721.82,7704578.07,-754.57
512856.87,7704555.59,-752.62
512924.09,7704541.31,-749.83
512991.3,7704527.04,-747.03
513127.73,7704505.45,-741.45
513195.5,7704502.21,-737.2
513263.27,7704505.55,-732.95
513392.97,7704536.53,-724.46
513452.95,7704566.22,-720.9
513509.18,7704603.71,-717.34
513613.22,7704692.51,-710.23
513811.43,7704883.56,-711.85
514013.96,7705069.39,-723.74
514209.07,7705263.44,-737.38
514261.55,7705310.15,-738.03
514317.12,7705352.52,-738.68
514438.24,7705410.02,-739.97
514503.84,7705419.26,-739.06
514571.78,7705417.23,-738.15
514709.63,7705394.25,-736.33
514979.47,7705345.79,-733.51
515253.12,7705328.38,-729.75
515526.12,7705302.81,-727.95
515798.99,7705275.79,-727.28
516071.85,7705248.72,-726.74
516344.63,7705220.9,-726.34
516617.46,7705193.44,-726.86
516891.41,7705184.61,-730.08
517164.92,7705204.08,-737.05
517438.4,7705223.93,-743.46
517712,7705242,-748.43
517985.64,7705259.56,-752.48
518259.3,7705276.86,-755.92
518532.97,7705293.8,-758.53
518806.66,7705310.49,-760.56
519080.38,7705326.72,-761.5
519354.17,7705341.73,-759.63
519627.98,7705356.43,-757.03
508807.74,7704399.91,-793.38
509071.54,7704475.48,-791.79
509335.54,7704550.31,-790.29
509599.32,7704625.92,-788.92
509861.78,7704705.73,-787.78
509929.3,7704717.05,-787.61
509996.82,7704728.37,-787.44
510133.79,7704737.86,-787.1
510408.2,7704735.19,-787.02
510545.32,7704733.92,-787.31
510682.45,7704732.64,-787.6
510750.67,7704733.51,-787.89
510818.89,7704734.37,-788.17
510955.33,7704736.1,-788.73
511228.45,7704734.28,-791.2
511501.92,7704712.84,-795.02
511774.83,7704684.4,-799.81
512047.88,7704657.22,-807.49
512320.89,7704629.7,-814
512593.92,7704602.22,-816.15
512730.06,7704584.88,-814.26
512865.08,7704561.31,-812.38
512932.32,7704546.41,-809.69
512999.56,7704531.51,-807.01
513136.05,7704510.26,-801.63
513203.84,7704508.27,-797.54
513271.55,7704513.4,-793.45
513400.58,7704548.4,-785.28
513459.91,7704579.83,-781.85
513515.32,7704618.73,-778.43
513617.94,7704709.37,-771.58
513815.53,7704901.49,-773.05
514016.86,7705089.11,-784.41
514211.25,7705284.3,-797.45
514263.35,7705331.67,-798.07
514318.47,7705374.86,-798.69
514438.91,7705434.05,-799.93
514504.4,7705443.95,-799.06
514572.4,7705442.43,-798.18
514710.53,7705419.95,-796.43
514980.48,7705370.93,-793.71
515254.34,7705353.61,-790.11
515527.55,7705328.04,-788.38
515800.62,7705301.01,-787.73
516073.68,7705273.92,-787.22
516346.67,7705246.12,-786.83
516619.69,7705218.58,-787.33
516893.84,7705209.45,-790.42
517167.55,7705228.82,-797.11
517441.24,7705248.63,-803.27
517715.05,7705266.68,-808.04
517988.89,7705284.22,-811.93
518262.75,7705301.5,-815.23
518536.63,7705318.43,-817.73
518810.52,7705335.12,-819.68
519084.44,7705351.35,-820.59
519358.43,7705366.39,-818.79
519632.44,7705381.12,-816.29
508812.33,7704425.3,-853.59
509076.29,7704500.93,-852.08
509340.48,7704575.75,-850.64
509604.43,7704651.43,-849.32
509866.93,7704731.71,-848.24
509934.57,7704742.64,-848.09
510002.22,7704753.56,-847.95
510139.44,7704761.58,-847.66
510414.23,7704755.19,-847.71
510551.52,7704752.11,-848.05
510688.82,7704749.03,-848.39
510757.12,7704748.95,-848.67
510825.42,7704748.87,-848.95
510962.03,7704748.7,-849.5
511235.37,7704743.38,-851.87
511508.99,7704721.29,-855.53
511782.12,7704693.24,-860.12
512055.37,7704666.24,-867.49
512328.58,7704638.87,-873.72
512601.79,7704611.5,-875.77
512737.93,7704593.63,-873.96
512872.94,7704569.08,-872.14
512940.2,7704553.65,-869.56
513007.46,7704538.23,-866.98
513143.99,7704517.43,-861.81
513211.8,7704516.67,-857.88
513279.43,7704523.55,-853.95
513407.8,7704562.4,-846.09
513466.51,7704595.46,-842.8
513521.16,7704635.65,-839.51
513622.51,7704727.96,-832.92
513819.63,7704920.9,-834.25
514019.91,7705110.04,-845.08
514213.75,7705306.13,-857.51
514265.51,7705354.07,-858.11
514320.23,7705397.97,-858.7
514440.07,7705458.64,-859.9
514505.46,7705469.13,-859.05
514573.51,7705468.07,-858.21
514711.9,7705446.06,-856.52
514981.95,7705396.55,-853.92
515256,7705379.32,-850.46
515529.39,7705353.74,-848.8
515802.64,7705326.7,-848.19
516075.88,7705299.6,-847.69
516349.05,7705271.8,-847.33
516622.24,7705244.19,-847.8
516896.56,7705234.8,-850.76
517170.47,7705254.06,-857.17
517444.34,7705273.84,-863.07
517718.33,7705291.86,-867.65
517992.35,7705309.37,-871.37
518266.39,7705326.63,-874.54
518540.45,7705343.55,-876.94
518814.53,7705360.23,-878.8
519088.63,7705376.46,-879.67
519362.8,7705391.53,-877.95
519636.99,7705406.3,-875.56
508817.02,7704451.25,-913.81
509081.13,7704526.93,-912.36
509345.48,7704601.75,-910.99
509609.58,7704677.48,-909.73
509872.11,7704758.19,-908.69
509939.85,7704768.77,-908.57
510007.6,7704779.35,-908.45
510145.04,7704786.09,-908.21
510420.11,7704776.52,-908.4
510557.55,7704771.87,-908.79
510694.98,7704767.22,-909.19
510763.36,7704766.26,-909.46
510831.73,7704765.29,-909.73
510968.49,7704763.35,-910.27
511242.02,7704754.66,-912.54
511515.76,7704731.93,-916.04
511789.08,7704704.26,-920.44
512062.5,7704677.43,-927.49
512335.89,7704650.2,-933.44
512609.27,7704622.92,-935.4
512745.39,7704604.56,-933.65
512880.39,7704579.15,-931.91
512947.67,7704563.31,-929.43
513014.96,7704547.47,-926.95
513151.5,7704527.26,-921.99
513219.32,7704527.71,-918.22
513286.87,7704536.28,-914.45
513414.6,7704578.78,-906.91
513472.71,7704613.35,-903.75
513526.67,7704654.72,-900.59
513626.9,7704748.49,-894.27
513823.72,7704941.98,-895.45
514023.16,7705132.32,-905.74
514216.6,7705329.04,-917.58
514268.1,7705377.44,-918.15
514322.47,7705421.94,-918.72
514441.78,7705483.86,-919.86
514507.08,7705494.86,-919.05
514575.18,7705494.21,-918.23
514713.79,7705472.63,-916.61
514983.94,7705422.73,-914.13
515258.14,7705405.55,-910.82
515531.69,7705379.97,-909.23
515805.09,7705352.93,-908.64
516078.49,7705325.82,-908.17
516351.82,7705298.02,-907.82
516625.16,7705270.34,-908.27
516899.63,7705260.73,-911.1
517173.7,7705279.87,-917.23
517447.73,7705299.61,-922.88
517721.88,7705317.59,-927.25
517996.06,7705335.08,-930.82
518270.26,7705352.32,-933.85
518544.48,7705369.22,-936.14
518818.71,7705385.89,-937.93
519092.97,7705402.12,-938.76
519367.29,7705417.22,-937.11
519641.63,7705432.02,-934.82
508821.82,7704477.81,-974.03
509086.05,7704553.55,-972.65
509350.54,7704628.36,-971.34
509614.75,7704704.14,-970.13
509877.3,7704785.23,-969.15
509944.7,7704797.7,-969.05
510012.95,7704805.82,-968.96
510150.57,7704811.5,-968.76
510425.84,7704799.31,-969.09
510563.38,7704793.36,-969.53
510700.91,7704787.42,-969.98
510769.35,7704785.63,-970.24
510837.79,7704783.85,-970.51
510974.67,7704780.27,-971.05
511248.37,7704768.38,-973.21
511522.19,7704745.03,-976.55
511795.69,7704717.7,-980.75
512069.25,7704691.01,-987.48
512342.78,7704663.91,-993.16
512616.3,7704636.7,-995.02
512752.38,7704617.91,-993.35
512887.38,7704591.79,-991.67
512954.7,7704575.65,-989.29
513022.01,7704559.52,-986.92
513158.52,7704540.03,-982.17
513226.36,7704541.69,-978.56
513293.81,7704551.86,-974.95
513420.91,7704597.81,-967.72
513478.47,7704633.76,-964.7
513531.81,7704676.17,-961.67
513631.11,7704771.18,-955.62
513827.8,7704964.91,-956.65
514026.61,7705156.11,-966.41
514219.85,7705353.16,-977.65
514271.14,7705401.9,-978.19
514325.24,7705446.85,-978.73
514444.1,7705509.77,-979.82
514509.33,7705521.2,-979.04
514577.47,7705520.91,-978.26
514716.26,7705499.72,-976.7
514986.49,7705449.51,-974.33
515260.83,7705432.36,-971.17
515534.5,7705406.79,-969.66
515808.04,7705379.74,-969.09
516081.56,7705352.62,-968.64
516355.02,7705324.83,-968.31
516628.48,7705297.08,-968.74
516903.08,7705287.29,-971.44
517177.29,7705306.32,-977.3
517451.45,7705326.01,-982.68
517725.73,7705343.95,-986.86
518000.05,7705361.4,-990.26
518274.37,7705378.61,-993.15
518548.72,7705395.5,-995.34
518823.08,7705412.16,-997.05
519097.47,7705428.39,-997.84
519371.92,7705443.51,-996.27
519646.39,7705458.34,-994.08
508826.74,7704505.06,-1034.25
509091.06,7704580.84,-1032.93
509355.66,7704655.66,-1031.68
509619.96,7704731.47,-1030.54
509882.51,7704812.89,-1029.61
509949.97,7704825.2,-1029.54
510018.29,7704833.04,-1029.46
510156.03,7704837.88,-1029.31
510431.4,7704823.7,-1029.78
510568.99,7704816.76,-1030.27
510706.59,7704809.81,-1030.77
510775.08,7704807.28,-1031.03
510843.58,7704804.75,-1031.29
510980.56,7704799.69,-1031.82
511254.39,7704784.79,-1033.88
511528.27,7704760.82,-1037.06
511801.89,7704733.79,-1041.06
512075.57,7704707.23,-1047.48
512349.21,7704680.24,-1052.89
512622.83,7704653.08,-1054.65
512758.87,7704633.92,-1053.04
512893.88,7704607.24,-1051.43
512961.23,7704590.95,-1049.16
513028.57,7704574.65,-1046.89
513165.02,7704556.05,-1042.35
513232.86,7704558.88,-1038.9
513300.2,7704570.6,-1035.44
513426.69,7704619.75,-1028.54
513483.75,7704656.93,-1025.64
513536.55,7704700.25,-1022.75
513635.09,7704796.24,-1016.97
513831.87,7704989.88,-1017.85
514030.28,7705181.56,-1027.07
514223.53,7705378.61,-1037.71
514274.69,7705427.56,-1038.23
514328.58,7705472.8,-1038.75
514447.09,7705536.45,-1039.78
514512.27,7705548.21,-1039.03
514580.44,7705548.21,-1038.29
514719.37,7705527.37,-1036.79
514989.67,7705476.97,-1034.54
515264.11,7705459.82,-1031.53
515537.88,7705434.25,-1030.09
515811.51,7705407.19,-1029.55
516085.14,7705380.08,-1029.12
516358.7,7705352.3,-1028.8
516632.25,7705324.49,-1029.21
516906.95,7705314.56,-1031.78
517181.26,7705333.47,-1037.36
517455.53,7705353.1,-1042.49
517729.91,7705370.99,-1046.47
518004.33,7705388.41,-1049.71
518278.76,7705405.59,-1052.46
518553.2,7705422.45,-1054.55
518827.67,7705439.09,-1056.17
519102.15,7705455.32,-1056.93
519376.7,7705470.47,-1055.43
519651.27,7705485.33,-1053.35
508831.8,7704533.06,-1094.47
509096.18,7704608.88,-1093.22
509360.84,7704683.69,-1092.03
509625.21,7704759.54,-1090.94
509887.75,7704841.22,-1090.07
509955.23,7704853.42,-1090.02
510023.59,7704861.06,-1089.97
510161.41,7704865.33,-1089.87
510436.78,7704849.86,-1090.47
510574.38,7704842.23,-1091.01
510711.98,7704834.6,-1091.56
510780.52,7704831.41,-1091.81
510849.06,7704828.22,-1092.07
510986.13,7704821.84,-1092.59
511260.04,7704804.12,-1094.55
511533.95,7704779.56,-1097.57
511807.67,7704752.78,-1101.38
512081.42,7704726.32,-1107.47
512355.14,7704699.43,-1112.61
512628.83,7704672.31,-1114.28
512764.81,7704652.84,-1112.73
512899.84,7704625.77,-1111.19
512967.22,7704609.46,-1109.03
513034.59,7704593.15,-1106.86
513170.93,7704575.62,-1102.53
513238.78,7704579.6,-1099.24
513305.99,7704592.78,-1095.94
513431.9,7704644.88,-1089.35
513488.51,7704683.13,-1086.59
513540.86,7704727.19,-1083.83
513638.85,7704823.89,-1078.31
513835.93,7705017.07,-1079.05
514034.21,7705208.82,-1087.74
514227.7,7705405.51,-1097.78
514278.79,7705454.51,-1098.27
514332.56,7705499.9,-1098.76
514450.81,7705563.97,-1099.74
514515.96,7705575.97,-1099.03
514584.15,7705576.19,-1098.31
514723.18,7705555.64,-1096.88
514993.53,7705505.16,-1094.75
515268.03,7705487.98,-1091.88
515541.87,7705462.42,-1090.51
515815.57,7705435.36,-1090
516089.27,7705408.25,-1089.6
516362.89,7705380.47,-1089.29
516636.51,7705352.61,-1089.68
516911.27,7705342.59,-1092.13
517185.66,7705361.39,-1097.42
517459.99,7705380.94,-1102.29
517734.45,7705398.78,-1106.07
518008.93,7705416.16,-1109.15
518283.43,7705433.3,-1111.77
518557.95,7705450.14,-1113.75
518832.48,7705466.76,-1115.29
519107.03,7705482.98,-1116.01
519381.65,7705498.15,-1114.59
519656.28,7705513.05,-1112.61
508837.01,7704561.87,-1154.69
509101.41,7704637.71,-1153.5
509366.11,7704712.52,-1152.38
509630.5,7704788.4,-1151.35
509893.01,7704870.28,-1150.52
509960.5,7704882.43,-1150.5
510028.87,7704889.96,-1150.47
510166.71,7704893.94,-1150.42
510441.95,7704877.91,-1151.16
510579.51,7704869.96,-1151.75
510717.07,7704862,-1152.35
510785.64,7704858.23,-1152.6
510854.21,7704854.47,-1152.85
510991.35,7704846.93,-1153.36
511265.3,7704826.62,-1155.22
511539.19,7704801.47,-1158.08
511812.97,7704774.91,-1161.69
512086.77,7704748.54,-1167.47
512360.52,7704721.73,-1172.33
512634.25,7704694.62,-1173.9
512770.15,7704674.89,-1172.43
512905.22,7704647.63,-1170.96
512972.61,7704631.46,-1168.89
513040.01,7704615.29,-1166.83
513176.22,7704599.02,-1162.71
513244.05,7704604.13,-1159.57
513311.13,7704618.68,-1156.44
513436.48,7704673.44,-1150.17
513492.7,7704712.6,-1147.54
513544.7,7704757.23,-1144.91
513642.35,7704854.34,-1139.66
513839.98,7705046.66,-1140.24
514038.4,7705238.04,-1148.4
514232.37,7705433.98,-1157.85
514283.49,7705482.88,-1158.31
514337.23,7705528.22,-1158.78
514455.33,7705592.39,-1159.7
514520.47,7705604.52,-1159.02
514588.67,7705604.88,-1158.34
514727.75,7705584.57,-1156.98
514998.13,7705534.14,-1154.95
515272.66,7705516.91,-1152.24
515546.53,7705491.34,-1150.94
515820.27,7705464.29,-1150.46
516093.99,7705437.18,-1150.07
516367.65,7705409.41,-1149.78
516641.3,7705381.51,-1150.15
516916.08,7705371.45,-1152.47
517190.51,7705390.13,-1157.48
517464.88,7705409.6,-1162.1
517739.37,7705427.38,-1165.68
518013.89,7705444.71,-1168.6
518288.42,7705461.81,-1171.08
518562.97,7705478.62,-1172.95
518837.54,7705495.22,-1174.42
519112.12,7705511.42,-1175.1
519386.77,7705526.62,-1173.75
519661.43,7705541.56,-1171.88
508842.37,7704591.55,-1214.91
509106.76,7704667.4,-1213.79
509371.45,7704742.22,-1212.72
509635.83,7704818.11,-1211.75
509898.29,7704900.12,-1210.98
509965.76,7704912.28,-1210.98
510034.11,7704919.81,-1210.98
510171.91,7704923.79,-1210.97
510446.91,7704908.02,-1211.85
510584.37,7704900.11,-1212.49
510721.83,7704892.2,-1213.14
510790.42,7704887.95,-1213.39
510859.01,7704883.7,-1213.64
510996.19,7704875.21,-1214.13
511270.14,7704852.54,-1215.89
511543.98,7704826.82,-1218.59
511817.77,7704800.42,-1222
512091.56,7704774.1,-1227.46
512365.32,7704747.36,-1232.05
512639.04,7704720.25,-1233.53
512774.85,7704700.34,-1232.12
512909.96,7704673.08,-1230.72
512977.38,7704657.22,-1228.76
513044.8,7704641.36,-1226.8
513180.84,7704626.55,-1222.89
513248.64,7704632.77,-1219.91
513315.55,7704648.6,-1216.94
513440.39,7704705.72,-1210.98
513496.28,7704745.59,-1208.49
513548.03,7704790.62,-1206
513645.59,7704887.82,-1201.01
513844.02,7705078.85,-1201.44
514042.88,7705269.37,-1209.07
514237.61,7705464.14,-1217.91
514290.12,7705511.01,-1218.35
514342.63,7705557.87,-1218.79
514460.7,7705621.79,-1219.67
514525.86,7705633.94,-1219.02
514594.06,7705634.36,-1218.37
514733.13,7705614.22,-1217.07
515003.53,7705563.98,-1215.16
515278.05,7705546.65,-1212.6
515551.91,7705521.09,-1211.37
515825.64,7705494.05,-1210.91
516099.36,7705466.95,-1210.55
516373.01,7705439.18,-1210.28
516646.65,7705411.25,-1210.62
516921.42,7705401.2,-1212.81
517195.86,7705419.76,-1217.54
517470.23,7705439.14,-1221.9
517744.72,7705456.86,-1225.29
518019.23,7705474.12,-1228.04
518293.76,7705491.18,-1230.38
518568.31,7705507.95,-1232.16
518842.86,7705524.52,-1233.54
519117.44,7705540.72,-1234.18
519392.08,7705555.94,-1232.91
519666.73,7705570.91,-1231.14
508847.9,7704622.16,-1275.13
509112.24,7704698.02,-1274.07
509376.88,7704772.84,-1273.07
509641.21,7704848.74,-1272.16
509903.6,7704930.8,-1271.44
509971.02,7704943.03,-1271.46
510039.31,7704950.67,-1271.48
510177.02,7704954.97,-1271.53
510451.64,7704940.32,-1272.54
510588.94,7704932.86,-1273.23
510726.24,7704925.39,-1273.93
510794.84,7704920.77,-1274.17
510863.44,7704916.14,-1274.42
511000.63,7704906.89,-1274.91
511274.52,7704882.11,-1276.56
511548.28,7704855.84,-1279.1
511822.03,7704829.56,-1282.32
512095.78,7704803.27,-1287.46
512369.49,7704776.57,-1291.78
512643.16,7704749.42,-1293.15
512778.86,7704729.41,-1291.82
512914.02,7704702.36,-1290.48
512981.46,7704687,-1288.63
513048.89,7704671.63,-1286.78
513184.73,7704658.5,-1283.07
513252.48,7704665.82,-1280.25
513319.21,7704682.83,-1277.43
513443.58,7704741.97,-1271.8
513499.22,7704782.36,-1269.44
513550.83,7704827.58,-1267.08
513648.53,7704924.54,-1262.36
513848.04,7705113.82,-1262.64
514047.67,7705302.96,-1269.73
514243.43,7705496.12,-1277.98
514296.12,7705542.53,-1278.39
514348.81,7705588.94,-1278.8
514466.99,7705652.23,-1279.63
514532.19,7705664.27,-1279.01
514600.38,7705664.67,-1278.39
514739.39,7705644.64,-1277.16
515009.79,7705594.74,-1275.36
515284.24,7705577.28,-1272.95
515558.06,7705551.72,-1271.8
515831.74,7705524.69,-1271.36
516105.41,7705497.6,-1271.02
516379.02,7705469.84,-1270.77
516652.61,7705441.88,-1271.1
516927.34,7705431.91,-1273.15
517201.73,7705450.34,-1277.6
517476.06,7705469.62,-1281.71
517750.51,7705487.26,-1284.89
518024.98,7705504.47,-1287.49
518299.46,7705521.47,-1289.69
518573.96,7705538.2,-1291.36
518848.48,7705554.74,-1292.66
519123.01,7705570.92,-1293.27
519397.6,7705586.17,-1292.07
519672.2,7705601.17,-1290.4
508853.61,7704653.74,-1335.35
509117.86,7704729.6,-1334.36
509382.4,7704804.43,-1333.42
509646.64,7704880.32,-1332.56
509908.94,7704962.37,-1331.9
509976.27,7704974.73,-1331.94
510044.48,7704982.58,-1331.99
510182.03,7704987.55,-1332.08
510456.12,7704974.91,-1333.22
510593.21,7704968.32,-1333.97
510730.29,7704961.72,-1334.72
510798.88,7704956.83,-1334.96
510867.47,7704951.93,-1335.2
511004.65,7704942.14,-1335.68
511278.43,7704915.5,-1337.22
511552.05,7704888.7,-1339.61
511825.72,7704862.48,-1342.63
512099.38,7704836.19,-1347.44
512373,7704809.52,-1351.49
512646.58,7704782.31,-1352.78
512782.17,7704762.27,-1351.52
512917.38,7704735.67,-1350.26
512984.82,7704720.98,-1348.51
513052.26,7704706.29,-1346.76
513187.86,7704695.09,-1343.26
513255.54,7704703.47,-1340.6
513322.07,7704721.55,-1337.94
513446.02,7704782.38,-1332.62
513501.48,7704823.07,-1330.39
513553.09,7704868.29,-1328.15
513651.17,7704964.63,-1323.69
513852.04,7705151.69,-1323.87
514052.79,7705338.92,-1330.42
514249.88,7705529.98,-1338.08
514302.85,7705575.74,-1338.45
514355.82,7705621.5,-1338.83
514474.24,7705683.77,-1339.57
514539.51,7705695.57,-1338.99
514607.68,7705695.85,-1338.41
514746.55,7705675.87,-1337.25
515016.93,7705626.45,-1335.57
515291.28,7705608.82,-1333.31
515565.01,7705583.26,-1332.22
515838.61,7705556.26,-1331.82
516112.19,7705529.18,-1331.5
516385.71,7705501.43,-1331.26
516659.2,7705473.46,-1331.57
516933.84,7705463.61,-1333.49
517208.15,7705481.93,-1337.67
517482.41,7705501.08,-1341.52
517756.77,7705518.64,-1344.5
518031.15,7705535.78,-1346.93
518305.55,7705552.73,-1349
518579.96,7705569.41,-1350.57
518854.39,7705585.92,-1351.79
519128.83,7705602.08,-1352.35
519403.33,7705617.35,-1351.23
519677.84,7705632.39,-1349.67
508859.48,7704686.26,-1395.56
509123.6,7704762.11,-1394.64
509388,7704836.94,-1393.77
509652.11,7704912.82,-1392.96
509914.31,7704994.77,-1392.35
509981.53,7705007.32,-1392.42
510049.61,7705015.51,-1392.49
510186.93,7705021.47,-1392.63
510460.38,7705011.7,-1393.91
510597.18,7705006.38,-1394.71
510733.99,7705001.06,-1395.51
510802.56,7704995.99,-1395.74
510871.12,7704990.92,-1395.98
511008.26,7704980.79,-1396.45
511281.89,7704952.55,-1397.89
511555.33,7704925.23,-1400.12
511828.87,7704899.02,-1402.93
512102.4,7704872.7,-1407.43
512375.89,7704846.04,-1411.21
512649.32,7704818.75,-1412.41
512784.8,7704798.75,-1411.22
512920.06,7704772.81,-1410.04
512987.5,7704758.98,-1408.39
513054.94,7704745.15,-1406.75
513190.28,7704736.09,-1403.45
513257.86,7704745.53,-1400.95
513324.17,7704764.59,-1398.45
513447.74,7704826.75,-1393.45
513503.11,7704867.55,-1391.34
513554.81,7704912.57,-1389.23
513653.52,7705007.97,-1385.01
513856.03,7705192.33,-1385.09
514058.21,7705377.13,-1391.12
514256.92,7705565.66,-1398.17
514310.27,7705610.57,-1398.51
514363.62,7705655.48,-1398.85
514482.4,7705716.35,-1399.52
514547.76,7705727.79,-1398.98
514615.9,7705727.86,-1398.43
514754.59,7705707.86,-1397.34
515024.93,7705659.08,-1395.77
515299.14,7705641.24,-1393.66
515572.74,7705615.69,-1392.65
515846.2,7705588.71,-1392.27
516119.65,7705561.65,-1391.97
516393.04,7705533.9,-1391.75
516666.4,7705505.92,-1392.04
516940.92,7705496.28,-1393.84
517215.11,7705514.46,-1397.73
517489.24,7705533.49,-1401.32
517763.47,7705550.95,-1404.11
518037.73,7705568.02,-1406.38
518312,7705584.9,-1408.31
518586.29,7705601.54,-1409.77
518860.59,7705618,-1410.91
519134.9,7705634.14,-1411.44
519409.27,7705649.43,-1410.39
519683.64,7705664.51,-1408.93
508865.52,7704719.65,-1455.78
509129.46,7704795.48,-1454.93
509393.69,7704870.32,-1454.11
509657.63,7704946.18,-1453.37
509919.7,7705027.96,-1452.81
509987.21,7705038.67,-1452.91
510054.72,7705049.38,-1453
510191.75,7705056.63,-1453.18
510464.42,7705050.54,-1454.6
510600.89,7705046.87,-1455.45
510737.36,7705043.19,-1456.3
510805.89,7705038.05,-1456.53
510874.43,7705032.9,-1456.76
511011.5,7705022.61,-1457.22
511284.93,7704993.01,-1458.56
511558.15,7704965.19,-1460.63
511831.52,7704938.95,-1463.24
512104.87,7704912.58,-1467.42
512378.19,7704885.9,-1470.93
512651.44,7704858.5,-1472.04
512786.79,7704838.62,-1470.93
512922.1,7704813.54,-1469.82
512989.54,7704800.73,-1468.27
513056.97,7704787.92,-1466.73
513192.01,7704781.23,-1463.64
513259.47,7704791.72,-1461.3
513325.54,7704811.66,-1458.96
513448.78,7704874.84,-1454.27
513504.14,7704915.56,-1452.29
513556.05,7704960.2,-1450.3
513655.59,7705054.32,-1446.34
513860.01,7705235.57,-1446.31
514063.92,7705417.46,-1451.81
514264.52,7705603.03,-1458.27
514318.34,7705646.91,-1458.57
514372.15,7705690.78,-1458.87
514491.42,7705749.91,-1459.47
514556.89,7705760.86,-1458.96
514624.99,7705760.64,-1458.45
514763.45,7705740.57,-1457.43
515033.73,7705692.56,-1455.98
515307.75,7705674.48,-1454.02
515581.18,7705648.93,-1453.08
515854.47,7705621.98,-1452.73
516127.76,7705594.95,-1452.45
516400.98,7705567.21,-1452.24
516674.17,7705539.23,-1452.51
516948.53,7705529.83,-1454.18
517222.55,7705547.89,-1457.8
517496.53,7705566.77,-1461.13
517770.6,7705584.14,-1463.72
518044.69,7705601.12,-1465.83
518318.8,7705617.94,-1467.62
518592.92,7705634.52,-1468.97
518867.05,7705650.94,-1470.03
519141.2,7705667.05,-1470.52
519415.39,7705682.36,-1469.55
519689.6,7705697.47,-1468.2
508871.7,7704753.84,-1516
509135.44,7704829.65,-1515.21
509399.45,7704904.5,-1514.46
509663.18,7704980.32,-1513.77
509925.12,7705061.87,-1513.27
509992.46,7705073,-1513.39
510059.79,7705084.13,-1513.5
510196.48,7705092.94,-1513.74
510468.25,7705091.28,-1515.29
510604.34,7705089.6,-1516.19
510740.42,7705087.93,-1517.09
510808.99,7705083.94,-1517.31
510877.55,7705079.95,-1517.54
511014.39,7705067.4,-1517.99
511287.57,7705036.65,-1519.23
511560.54,7705008.34,-1521.14
511833.7,7704982.02,-1523.55
512106.84,7704955.57,-1527.41
512379.95,7704928.87,-1530.65
512652.98,7704901.34,-1531.67
512788.27,7704879.47,-1530.63
512923.56,7704857.6,-1529.59
512990.98,7704845.96,-1528.15
513058.4,7704834.32,-1526.71
513193.12,7704830.21,-1523.84
513260.43,7704841.73,-1521.65
513326.25,7704862.47,-1519.46
513449.2,7704926.37,-1515.09
513504.62,7704966.83,-1513.24
513556.84,7705010.94,-1511.38
513657.42,7705103.48,-1507.67
513863.98,7705281.21,-1507.53
514069.9,7705459.74,-1512.5
514272.64,7705641.97,-1518.36
514327,7705684.65,-1518.62
514381.35,7705727.33,-1518.89
514501.23,7705784.37,-1519.41
514566.84,7705794.72,-1518.94
514634.88,7705794.14,-1518.47
514773.06,7705773.95,-1517.53
515043.26,7705726.83,-1516.18
515317.06,7705708.48,-1514.37
515590.28,7705682.94,-1513.5
515863.38,7705656.02,-1513.18
516136.46,7705629.01,-1512.92
516409.48,7705601.28,-1512.73
516682.47,7705573.31,-1512.98
516956.63,7705564.22,-1514.52
517230.46,7705582.14,-1517.86
517504.24,7705600.87,-1520.94
517778.11,7705618.13,-1523.33
518052.01,7705635.03,-1525.27
518325.91,7705651.77,-1526.93
518599.83,7705668.29,-1528.18
518873.76,7705684.66,-1529.15
519147.71,7705700.74,-1529.61
519421.7,7705716.08,-1528.71
519695.7,7705731.23,-1527.46
508878.01,7704788.79,-1576.22
509141.52,7704864.55,-1575.5
509405.28,7704939.41,-1574.81
509668.78,7705015.2,-1574.18
509930.56,7705096.46,-1573.73
509997.71,7705108.07,-1573.87
510064.85,7705119.69,-1574.01
510201.14,7705130.33,-1574.29
510471.9,7705133.78,-1575.98
510607.56,7705134.42,-1576.93
510743.21,7705135.06,-1577.88
510811.72,7705131.38,-1578.1
510880.23,7705127.71,-1578.32
511016.95,7705114.9,-1578.76
511289.85,7705083.2,-1579.9
511562.54,7705054.43,-1581.65
511835.44,7705027.98,-1583.86
512108.33,7705001.43,-1587.39
512381.21,7704974.69,-1590.36
512653.99,7704947.01,-1591.3
512789.23,7704925.87,-1590.34
512924.48,7704904.73,-1589.37
512991.87,7704894.4,-1588.03
513059.27,7704884.07,-1586.7
513193.66,7704882.72,-1584.03
513260.78,7704895.28,-1582
513326.33,7704916.75,-1579.97
513449.05,7704981.09,-1575.92
513504.6,7705021.13,-1574.19
513557.22,7705064.54,-1572.46
513659.01,7705155.23,-1568.99
513867.93,7705329.08,-1568.76
514076.13,7705503.84,-1573.19
514281.23,7705682.36,-1578.46
514336.2,7705723.69,-1578.68
514391.18,7705765.01,-1578.91
514511.77,7705819.67,-1579.36
514577.53,7705829.3,-1578.92
514645.51,7705828.29,-1578.49
514783.37,7705807.95,-1577.62
515053.48,7705761.84,-1576.38
515327.02,7705743.19,-1574.73
515600.01,7705717.65,-1573.93
515872.87,7705690.77,-1573.63
516145.72,7705663.79,-1573.4
516418.5,7705636.06,-1573.22
516691.25,7705608.11,-1573.45
516965.18,7705599.37,-1574.86
517238.79,7705617.16,-1577.92
517512.34,7705635.72,-1580.75
517785.98,7705652.88,-1582.94
518059.65,7705669.68,-1584.72
518333.32,7705686.34,-1586.23
518607.01,7705702.8,-1587.38
518880.7,7705719.12,-1588.28
519154.42,7705735.17,-1588.69
519428.17,7705750.53,-1587.87
519701.93,7705765.71,-1586.72
508884.45,7704824.41,-1636.44
509147.69,7704900.13,-1635.78
509411.17,7704975.01,-1635.16
509674.41,7705050.75,-1634.58
509936.02,7705131.67,-1634.19
510002.96,7705143.82,-1634.35
510069.89,7705155.98,-1634.51
510205.72,7705168.69,-1634.84
510475.39,7705177.88,-1636.67
510610.56,7705181.14,-1637.67
510745.74,7705184.4,-1638.67
510814.19,7705181.12,-1638.89
510882.63,7705177.85,-1639.1
511019.22,7705164.91,-1639.53
511291.8,7705132.45,-1640.57
511564.17,7705103.21,-1642.16
511836.79,7705076.6,-1644.17
512109.4,7705049.94,-1647.38
512382,7705023.14,-1650.08
512654.5,7704995.3,-1650.93
512789.7,7704974.99,-1650.04
512924.9,7704954.68,-1649.15
512992.26,7704945.79,-1647.92
513059.62,7704936.89,-1646.68
513193.66,7704938.48,-1644.22
513260.57,7704952.08,-1642.35
513325.84,7704974.2,-1640.48
513448.36,7705038.71,-1636.74
513502.8,7705079.74,-1635.14
513557.23,7705120.77,-1633.53
513660.39,7705209.36,-1630.32
513871.88,7705378.98,-1629.98
514082.59,7705549.59,-1633.89
514290.25,7705724.08,-1638.55
514344.77,7705765.78,-1638.74
514401.57,7705803.74,-1638.93
514522.99,7705855.74,-1639.3
514588.9,7705864.55,-1638.9
514656.82,7705863.04,-1638.51
514794.32,7705842.51,-1637.71
515064.33,7705797.52,-1636.59
515337.57,7705778.53,-1635.08
515610.3,7705753.01,-1634.36
515882.89,7705726.16,-1634.09
516155.48,7705699.22,-1633.87
516427.99,7705671.49,-1633.71
516700.48,7705643.57,-1633.92
516974.15,7705635.22,-1635.21
517247.5,7705652.88,-1637.99
517520.8,7705671.26,-1640.55
517794.18,7705688.3,-1642.54
518067.59,7705705.01,-1644.17
518341,7705721.59,-1645.54
518614.42,7705737.98,-1646.59
518887.86,7705754.24,-1647.4
519161.3,7705770.26,-1647.78
519434.79,7705785.64,-1647.03
519708.28,7705800.86,-1645.99
508897.65,7704897.47,-1756.88
509160.28,7704973.09,-1756.35
509423.12,7705047.99,-1755.85
509685.76,7705123.62,-1755.39
509947,7705203.7,-1755.1
510013.48,7705217.12,-1755.31
510079.96,7705230.54,-1755.52
510214.7,7705247.99,-1755.95
510481.9,7705270.34,-1758.05
510615.95,7705282.11,-1759.15
510750.12,7705288.88,-1760.25
510818.39,7705286.64,-1760.46
510886.67,7705284.4,-1760.66
511022.97,7705271.51,-1761.08
511294.82,7705238,-1761.9
511566.48,7705207.88,-1763.17
511838.44,7705180.85,-1764.78
512110.41,7705153.89,-1767.35
512382.38,7705126.95,-1769.51
512654.22,7705098.73,-1770.19
512789.33,7705080.37,-1769.45
512924.44,7705062.02,-1768.7
512991.71,7705056.31,-1767.68
513058.98,7705050.61,-1766.65
513192.27,7705058.56,-1764.6
513258.67,7705074.25,-1763.05
513323.34,7705097.5,-1761.49
513445.6,7705161.65,-1758.39
513500.94,7705200.9,-1757.04
513556.29,7705240.16,-1755.68
513662.59,7705323.87,-1752.97
513879.74,7705484.16,-1752.42
514096.09,7705645.47,-1755.27
514309.45,7705811.02,-1758.74
514365.54,7705849.49,-1758.86
514423.85,7705883.98,-1758.97
514547.19,7705929.89,-1759.19
514613.44,7705936.77,-1758.87
514681.19,7705934.1,-1758.54
514817.91,7705913.12,-1757.89
515087.67,7705870.65,-1757
515360.25,7705850.93,-1755.79
515632.36,7705825.42,-1755.21
515904.35,7705798.66,-1755
516176.33,7705771.79,-1754.83
516448.23,7705744.08,-1754.7
516720.11,7705716.22,-1754.86
516993.2,7705708.77,-1755.89
517265.95,7705726.16,-1758.12
517538.66,7705744.17,-1760.17
517811.45,7705760.96,-1761.76
518084.25,7705777.47,-1763.06
518357.06,7705793.87,-1764.16
518629.88,7705810.11,-1765
518902.71,7705826.25,-1765.65
519175.55,7705842.19,-1765.95
519448.42,7705857.62,-1765.35
519721.3,7705872.91,-1764.52
508911.21,7704972.52,-1877.32
509173.16,7705048.01,-1876.92
509435.26,7705122.94,-1876.54
509697.2,7705198.44,-1876.2
509958.03,7705277.53,-1876.02
510024.02,7705292.39,-1876.28
510090.02,7705307.25,-1876.53
510223.46,7705330.14,-1877.05
510487.92,7705367.48,-1879.42
510620.64,7705387.1,-1880.63
510753.75,7705399.75,-1881.83
510821.79,7705398.81,-1882.03
510889.84,7705397.86,-1882.23
511025.87,7705385.38,-1882.62
511296.87,7705351.35,-1883.24
511567.73,7705320.38,-1884.19
511838.94,7705292.84,-1885.4
512110.17,7705265.52,-1887.33
512381.42,7705238.4,-1888.95
512652.51,7705209.74,-1889.45
512787.52,7705193.64,-1888.85
512922.53,7705177.55,-1888.26
512989.68,7705175.38,-1887.44
513056.83,7705173.21,-1886.62
513189.33,7705188.09,-1884.98
513255.1,7705205.86,-1883.75
513319.14,7705230.06,-1882.51
513441.3,7705293.06,-1880.04
513497.8,7705330.14,-1878.93
513554.3,7705367.21,-1877.83
513664.16,7705445.29,-1875.63
513887.57,7705595.26,-1874.87
514110.26,7705746.17,-1876.65
514329.92,7705901.83,-1878.93
514387.76,7705936.7,-1878.97
514447.75,7705967.29,-1879.01
514573.35,7706006.28,-1879.08
514639.92,7706010.9,-1878.83
514707.48,7706006.86,-1878.58
514843.35,7705985.37,-1878.08
515112.84,7705945.74,-1877.4
515384.65,7705925.2,-1876.5
515656.06,7705899.71,-1876.07
515927.36,7705873.05,-1875.9
516198.65,7705846.26,-1875.78
516469.85,7705818.55,-1875.68
516741.04,7705790.78,-1875.8
517013.46,7705784.36,-1876.57
517285.52,7705801.47,-1878.24
517557.56,7705819.09,-1879.78
517829.67,7705835.61,-1880.98
518101.79,7705851.9,-1881.95
518373.91,7705868.11,-1882.78
518646.04,7705884.2,-1883.4
518918.18,7705900.21,-1883.89
519190.33,7705916.07,-1884.12
519462.49,7705931.54,-1883.67
519734.67,7705946.9,-1883.04
508925.04,7705049.06,-1997.75
509186.23,7705124.41,-1997.49
509447.54,7705199.37,-1997.24
509708.73,7705274.73,-1997.01
509969.11,7705352.7,-1996.93
510034.85,7705368.13,-1997.24
510100.59,7705383.56,-1997.55
510232.07,7705414.42,-1998.16
510493.58,7705468.13,-2000.8
510624.75,7705496.3,-2002.11
510756.82,7705515.43,-2003.41
510824.44,7705518.16,-2003.6
510892.33,7705516.5,-2003.79
511028.12,7705504.7,-2004.16
511298.2,7705470.56,-2004.58
511568.19,7705438.77,-2005.21
511838.56,7705410.62,-2006.02
512108.99,7705382.91,-2007.3
512379.46,7705355.57,-2008.38
512649.73,7705326.43,-2008.71
512784.28,7705309.89,-2008.26
512919.54,7705299.22,-2007.82
512986.55,7705300.85,-2007.2
513053.56,7705302.47,-2006.59
513185.24,7705324.69,-2005.36
513250.26,7705344.57,-2004.44
513313.67,7705369.56,-2003.52
513435.85,7705430.84,-2001.69
513493.2,7705466.1,-2000.83
513550.56,7705501.36,-1999.98
513665.28,7705571.88,-1998.28
513895.38,7705710.8,-1997.31
514124.92,7705850.49,-1998.04
514351.35,7705995.54,-1999.12
514411.06,7706026.56,-1999.09
514472.86,7706052.93,-1999.05
514600.98,7706084.34,-1998.97
514667.81,7706086.43,-1998.8
514735.16,7706080.89,-1998.62
514870.2,7706058.85,-1998.26
515139.37,7706022.29,-1997.81
515410.35,7706000.88,-1997.21
515681,7705975.4,-1996.92
515951.55,7705948.85,-1996.81
516222.08,7705922.14,-1996.73
516492.51,7705894.45,-1996.66
516762.94,7705866.78,-1996.75
517034.62,7705861.48,-1997.26
517305.94,7705878.32,-1998.37
517577.24,7705895.51,-1999.4
517848.6,7705911.75,-2000.19
518119.97,7705927.82,-2000.84
518391.34,7705943.82,-2001.39
518662.72,7705959.75,-2001.81
518934.1,7705975.62,-2002.14
519205.49,7705991.4,-2002.29
519476.89,7706006.91,-2001.99
519748.3,7706022.35,-2001.57
508953.15,7705204.63,-2238.63
509212.73,7705279.67,-2238.63
509472.31,7705354.7,-2238.63
509731.9,7705429.74,-2238.63
509991.33,7705505.29,-2238.76
510055.76,7705525.61,-2239.16
510120.18,7705545.92,-2239.57
510249.04,7705586.55,-2240.37
510504.26,7705675.29,-2243.56
510631.88,7705721.72,-2245.07
510762.04,7705754.8,-2246.58
510828.66,7705761.56,-2246.75
510896.08,7705762.32,-2246.91
511031.54,7705752.42,-2247.25
511299.64,7705718.72,-2247.25
511567.78,7705685.34,-2247.25
511836.38,7705655.84,-2247.25
512105.08,7705627.26,-2247.25
512373.85,7705599.45,-2247.25
512642.38,7705569.3,-2247.22
512777.09,7705555.12,-2247.08
512911.75,7705552.83,-2246.93
512978.68,7705559.72,-2246.73
513045.09,7705571.99,-2246.53
513175.12,7705609.71,-2246.13
513237.84,7705634.9,-2245.84
513300.56,7705660.1,-2245.55
513423.02,7705716.99,-2244.98
513483.95,7705746.17,-2244.63
513544.87,7705775.35,-2244.29
513666.73,7705833.71,-2243.59
513910.97,7705949.3,-2242.2
514155.08,7706065.16,-2240.81
514395.78,7706187.78,-2239.51
514459.5,7706210.73,-2239.32
514525.03,7706228.16,-2239.13
514658.67,7706243.25,-2238.76
514725.77,7706239.84,-2238.72
514792.65,7706231.06,-2238.69
514926.22,7706207.86,-2238.63
515194.71,7706177.83,-2238.63
515463.92,7706154.58,-2238.63
515732.93,7706129.14,-2238.63
516001.85,7706102.8,-2238.63
516270.76,7706076.29,-2238.63
516539.55,7706048.61,-2238.63
516808.37,7706021.17,-2238.63
517078.47,7706018.27,-2238.63
517348.19,7706034.55,-2238.63
517617.91,7706050.87,-2238.63
517887.67,7706066.53,-2238.63
518157.43,7706082.12,-2238.63
518427.19,7706097.71,-2238.63
518696.95,7706113.3,-2238.63
518966.72,7706128.89,-2238.63
519236.48,7706144.48,-2238.63
519506.24,7706160.07,-2238.63
519776,7706175.66,-2238.63
